{"cameraMode":{"drawMode":0,"name":"Shaded","section":"Shading Mode"},"sceneLighting":true,"audioPlay":false,"sceneViewState":{"showFog":true,"showMaterialUpdate":true,"showSkybox":true,"showFlares":true,"showImageEffects":true,"showParticleSystems":true},"in2DMode":false,"pivot":{"x":-2.845320224761963,"y":-3.58689546585083,"z":12.138883590698243},"rotation":{"x":-0.18376082181930543,"y":-0.17385348677635194,"z":0.03304078429937363,"w":-0.966910183429718},"size":24.471094131469728,"orthographic":false}