{"cameraMode":{"drawMode":0,"name":"Shaded","section":"Shading Mode"},"sceneLighting":true,"audioPlay":false,"sceneViewState":{"showFog":true,"showMaterialUpdate":true,"showSkybox":true,"showFlares":true,"showImageEffects":true,"showParticleSystems":true},"in2DMode":false,"pivot":{"x":0.10141179710626602,"y":-8.35185432434082,"z":33.09160614013672},"rotation":{"x":0.09974341839551926,"y":-0.1324332356452942,"z":0.013396003283560276,"w":0.9860696196556091},"size":39.69682312011719,"orthographic":false}